Away Team,Home Team,Time,TV,Tickets
TBDMyrtle Beach Bowl,@TBD,11:00 AM,,Tickets as low as $30
TBDR+L Carriers New Orleans Bowl,@TBD,2:15 PM,,Tickets as low as $53
TBDAvocados From Mexico Cure Bowl,@TBD,3:30 PM,,Tickets as low as $91
TBDNew Mexico Bowl,@TBD,5:45 PM,,Tickets as low as $42
TBDLA Bowl,@TBD,7:30 PM,,Tickets as low as $37
TBDRadiance Technologies Independence Bowl,@TBD,9:15 PM,,Tickets as low as $25
TBDHomeTown Lenders Bahamas Bowl,@TBD,2:30 PM,,
TBDFrisco Bowl,@TBD,9:00 PM,,Tickets as low as $110
TBDRoofClaim.com Boca Raton Bowl,@TBD,8:00 PM,,Tickets as low as $75
TBDUnion Home Mortgage Gasparilla Bowl,@TBD,6:30 PM,,Tickets as low as $77
TBDBirmingham Bowl,@TBD,12:00 PM,,
TBDCamellia Bowl,@TBD,12:00 PM,,Tickets as low as $82
TBDLockheed Martin Armed Forces Bowl,@TBD,3:30 PM,,Tickets as low as $50
TBDFamous Idaho Potato Bowl,@TBD,3:30 PM,,
TBD68 Ventures Bowl,@TBD,7:00 PM,,Tickets as low as $41
TBDSRS Distribution Las Vegas Bowl,@TBD,7:30 PM,,Tickets as low as $789
TBDEasyPost Hawai'i Bowl,@TBD,10:30 PM,,Tickets as low as $35
TBDQuick Lane Bowl,@TBD,2:00 PM,,Tickets as low as $29
TBDSERVPRO First Responder Bowl,@TBD,5:30 PM,,Tickets as low as $65
TBDGuaranteed Rate Bowl,@TBD,9:00 PM,,Tickets as low as $64
TBDMilitary Bowl,@TBD,2:00 PM,,Tickets as low as $38
TBDDuke's Mayo Bowl,@TBD,5:30 PM,,Tickets as low as $95
TBDSan Diego County Credit Union Holiday Bowl,@TBD,8:00 PM,FOX,Tickets as low as $55
TBDTaxAct Texas Bowl,@TBD,9:00 PM,,Tickets as low as $57
TBDWasabi Fenway Bowl,@TBD,11:00 AM,,Tickets as low as $51
TBDBad Boy Mowers Pinstripe Bowl,@TBD,2:15 PM,,Tickets as low as $57
TBDPop-Tarts Bowl,@TBD,5:45 PM,,Tickets as low as $124
TBDValero Alamo Bowl,@TBD,9:15 PM,,Tickets as low as $63
TBDTaxSlayer Gator Bowl,@TBD,12:00 PM,,Tickets as low as $58
TBDTony the Tiger Sun Bowl,@TBD,2:00 PM,CBS,Tickets as low as $31
TBDAutoZone Liberty Bowl,@TBD,3:30 PM,,Tickets as low as $78
TBDGoodyear Cotton Bowl Classic,@TBD,8:00 PM,,Tickets as low as $75
TBDChick-fil-A Peach Bowl,@TBD,12:00 PM,,Tickets as low as $106
TBDTransPerfect Music City Bowl,@TBD,2:00 PM,,Tickets as low as $39
TBDCapital One Orange Bowl,@TBD,4:00 PM,,Tickets as low as $79
TBDBarstool Sports Arizona Bowl,@TBD,4:30 PM,Barstool,Tickets as low as $12
TBDReliaQuest Bowl,@TBD,12:00 PM,,Tickets as low as $107
TBDCheez-It Citrus Bowl,@TBD,1:00 PM,,Tickets as low as $133
TBDVrbo Fiesta Bowl,@TBD,1:00 PM,,Tickets as low as $132
TBDCFP Semifinal at the Rose Bowl Game,@TBD,5:00 PM,,Tickets as low as $233
TBDCFP Semifinal at the Allstate Sugar Bowl,@TBD,8:45 PM,,Tickets as low as $266
TBDCFP National Championship pres. by AT&T,@TBD,7:30 PM,,Tickets as low as $829
